PC,n_genes_by_counts,total_counts,age_group,assay,sex
PC1,0.742391651940051,0.7501937775047464,0.4619790238630765,0.7405728811491631,0.118189379448833
PC2,0.46999651893491634,0.4679604955776823,0.14575781002533122,0.2008825669410855,0.007243142581967431
PC3,0.4372468706062792,0.3448200361336542,0.24415721315923333,0.43638592359863854,0.02755655265596684
PC4,0.024310019481030665,0.0783056833006571,0.21298035737550025,0.2731030463120925,0.060557515306748785
PC5,0.039999802281374376,0.038965002607868345,0.013892718640172426,0.09288245183709345,0.15701018229031563
